date,user,location,text
2022-03-02 07:48:11,neda_1111,,"All citizens on the planet Earth, regardless of race, skin color, and place of birth, deserve a peaceful life. Ther‚Ä¶ https://t.co/1P61nqavgY"
2022-03-02 06:46:23,King_Leo108,United States,"üåèüïäBefore you react to anything on #SocialMedia, think who is benefiting from the published ‚Äúcontent‚Äù. The answer of‚Ä¶ https://t.co/yhwRJMRF0i"
2022-03-02 06:33:08,Marsha1am,Tehran,"@BijanCNN Your sister made me cry, especially where she wrote ""despite my skin color""
#NoToRacism"
2022-03-02 06:24:59,puettel,,"@ElCritiq Right, this is enough to kill thousands of innocent people. In Russia it is better, they kill their broth‚Ä¶ https://t.co/dtnZOIKPPZ"
2022-03-02 04:52:29,GLaterne,"Luzern, Schweiz",All refugees need to be treated equal. #fuckthewar #notoracism https://t.co/YBAG0gwTPM
2022-03-02 04:34:38,rasouli_zarmina,ÿ¢Ÿàÿßÿ±Ÿá Ÿà ÿÆÿßŸÜŸá ÿ®ÿØŸàÿ¥,@VP The Government you are working with have put 15 Milion +Afghans in hostage of a terrorist group called Taliban.‚Ä¶ https://t.co/PhInapYkRa
2022-03-02 00:16:33,submarine_lemon,In a cave in Australia,@fjr1066 @Ashrafakbaba Done.  #NoToRacism
2022-03-01 22:50:17,KemperBarbara,Berlin,"""(...) all people have the right to cross international borders during conflict, and as such, should enjoy the same‚Ä¶ https://t.co/OIls0mAULe"
2022-03-01 22:43:35,Madame_anarchy1,,3days that Africans from Ukraine are refused asylum to Poland &amp; other üá™üá∫countries.üëÆ&amp; army threatening them w/üî´.All‚Ä¶ https://t.co/IiAzCqbMwB
2022-03-01 22:12:36,TSDMujeebudeen,Kuala Lumpur City,"RACISM IN #USA 

for 40yrs Muslims and Asians experienced incidents of bigotry, racial discrimination and violence‚Ä¶ https://t.co/BA9yVBOyCa"
2022-03-01 21:49:18,fredtom_,"Maryland, USA","While we all pour out our love and #STANDWITHUKRAINE, I saw videos of Ukrainian officials denying foreigners (mostl‚Ä¶ https://t.co/XtyxaInJoa"
2022-03-01 21:45:30,muhanuziDoreen,"Kampala, Uganda","This is a call for #Humanity
#Notoracism
#NoToWar https://t.co/QkV4DBQBPW"
2022-03-01 21:43:54,dhu84,"New York, NY","@LaLiga @LaLigaEN When will you find and punish this racist cul√© fan who, with his son, yelled racist insults at‚Ä¶ https://t.co/hVe1829wXg"
2022-03-01 21:34:37,oneafricaforum,Africa,"#Repost @shaunking
‚Ä¢‚Ä¢‚Ä¢‚Ä¢‚Ä¢‚Ä¢‚Ä¢
More updates soon.

Thanks @crescentjones for the update

#oneafricaforum #mr_ancient‚Ä¶ https://t.co/KaFtZuIAYm"
2022-03-01 21:25:29,mumichel02,Africa,"It's very shocking that some Ukranians are exhibiting this extreme racism against black people in such dark times,‚Ä¶ https://t.co/OedgHe06in"
2022-03-01 21:06:46,MuslehSaji,,@KellyCobiella Don't talk about feminism while being racist towards people of colour! Your comment to the ukrainian‚Ä¶ https://t.co/YCc9GdHbDn
2022-03-01 20:58:01,paddynel,Inside ur mother with his lats,"@od46598502_o If it taste good put it in, my life‚Äôs motto main reason why I don‚Äôt take dick imo but I respect it be‚Ä¶ https://t.co/ro55nxwt2t"
2022-03-01 19:55:03,rafiuajakaye,"Ilorin, Nigeria",Shocking indeed. #notoracism #onehumanity https://t.co/9KZ04cJ0hw
2022-03-01 19:47:22,Diva_NewNew,"Atlanta, GA",Smh history repeating itself‚Ä¶ #NoToRacism https://t.co/LIgjmyzsn0
2022-03-01 19:37:20,alsaati_13,"Istanbul, Turkey",By ig account: yafa90s #Notoracism #racism #cbsnews #Ukraine #Russia #UkraineRussiaWar https://t.co/HdB0fwGdko
2022-03-01 19:34:35,oneafricaforum,Africa,"Statement of the African Union on the reported ill treatment of Africans trying to leave

#Ukraine #russia‚Ä¶ https://t.co/VqVUbn67V6"
2022-03-01 19:21:14,alsaati_13,"Istanbul, Turkey",@khafaji0 @charliecbs @CBSNews @NorahODonnell @CBSMornings While your ancestors were drinking wine watching gladiat‚Ä¶ https://t.co/to2fjmLOBf
2022-03-01 18:33:03,CornwallLive,"Cornwall, England",@DC_Police said it will not tolerate racism within its ranks #Notoracism #police #Cornwall  https://t.co/gcjJJAVeW5
2022-03-01 17:41:33,twistajolly,mob,No to racism. It‚Äôs simple. All humans should matter equally. #notoracism https://t.co/7VGfBLzMCT
2022-03-01 17:37:44,Mutalaa_,,"Europe Please Don't Be Racist 
üò°üò°üò°
#NotoRacism 

#BreakingNews #Kyiv
#Russia #Ukraine #UkraineRussiaWar‚Ä¶ https://t.co/f4M8UjQsRa"
2022-03-01 17:21:01,DorinaRaichel,"Freiburg im Breisgau, Deutschl",@CNN @clarissaward Me imagine alle the wife's of that rich oligarchs crying to loose all. They know exactly if they‚Ä¶ https://t.co/IBpw2CXSBK
2022-03-01 17:20:52,DorinaRaichel,"Freiburg im Breisgau, Deutschl",@CNN Me imagine alle the wife's of that rich oligarchs crying to loose all. They know exactly if they lost all and‚Ä¶ https://t.co/2zmWpCCTVP
2022-03-01 17:20:43,DorinaRaichel,"Freiburg im Breisgau, Deutschl",@CNN Me imagine alle the wife's of that rich oligarchs crying to loose all. They know exactly if they lost all and‚Ä¶ https://t.co/n0M3R4GtTj
2022-03-01 17:20:14,DorinaRaichel,"Freiburg im Breisgau, Deutschl",@BBCWorld Me imagine alle the wife's of that rich oligarchs crying to loose all. They know exactly if they lost all‚Ä¶ https://t.co/HtHDogWwzb
2022-03-01 17:20:06,DorinaRaichel,"Freiburg im Breisgau, Deutschl",@cnni Me imagine alle the wife's of that rich oligarchs crying to loose all. They know exactly if they lost all and‚Ä¶ https://t.co/r1R40C7VNs
2022-03-01 17:19:44,DorinaRaichel,"Freiburg im Breisgau, Deutschl",@CNN @mchancecnn Me imagine alle the wife's of that rich oligarchs crying to loose all. They know exactly if they l‚Ä¶ https://t.co/RVKltRXlFl
2022-03-01 16:55:09,reggiegulle,Makati City,"Syria, Palestine, Iraq, Afghanistan, Yemen ‚Äî all victims of invasion. Ukraine is not the only one.‚Ä¶ https://t.co/gvvVQ77Vr3"
2022-03-01 16:42:58,SenaInternet82,,"In this difficult time when one should be united we see how certain ethnic groups are treated on Ukrainian borders,‚Ä¶ https://t.co/7TcTDulQ3g"
2022-03-01 16:39:05,to_Qods,–ò—Ä–∞–Ω,"@ZelenskyyUa @OlafScholz Nobody cares for #yemen !
Maybe because he doesn't have blue eyes
#AllLivesMatter‚Ä¶ https://t.co/AYTH2fZFQm"
2022-03-01 16:27:24,paulnoble888,Nigeria,"@JackyKemigisa Yeah,pushing further because your tweet now,to me it‚Äôs a strong force that can all Africans see tigh‚Ä¶ https://t.co/6mc7k0g86z"
2022-03-01 15:46:42,UniteNHSGGC,"Glasgow, Scotland","Unite NHS GGC Branch will form part of Health Workers Against Racism Bloc. 
Join us from 11am at the Stewart Memori‚Ä¶ https://t.co/hgW4eDfG2t"
2022-03-01 15:41:01,ZiaUrRehmanSaj5,,@shen_shiwei Hope she would have watched the video clip and I think she would have felt some embarrassment and guil‚Ä¶ https://t.co/2GKGP32N8n
2022-03-01 15:34:09,oneafricaforum,Africa,Russia - Ukraine Africans in Ukraine UPDATE: First batch of Ghanaian students evacuated from Ukraine by the governm‚Ä¶ https://t.co/Euy5CgXivN
2022-03-01 15:28:17,Gaithfalcons,,"Racism in media coverage of Ukraine and the Muslim world

#UkraineRussiaWar
#AapAurIndusSathSath‚Ä¶ https://t.co/jexO59ax2X"
2022-03-01 15:27:46,MrArkinBey,,British Turkish Cypriots will be protesting against racism and discrimination outside Waltham Forest Council on the‚Ä¶ https://t.co/vEXPheRrxy
2022-03-01 15:27:42,pro_m1spence,,Stand with Ukraine they said.. Not sure about that one! #Notoracism https://t.co/93dQYieZBn
2022-03-01 14:26:05,oneafricaforum,Africa,"Updates on Africans in Ukraine

#oneafricaforum #notoracism #africansinukraine #ukraine #russia‚Ä¶ https://t.co/YgNUdyEoO8"
2022-03-01 14:18:43,Rwzyisus,World,@MamelaFialloFlo thanks Poland for discriminating against African citizens and mothers with babies only prioritize‚Ä¶ https://t.co/g0XEPvUyen
2022-03-01 13:49:36,ValerieABossman,"England, United Kingdom","Solidarity with #Refugees #migrants   

#Notoracism 

#NoToWar 

#HumanRights 

#OneOfUsAllOfUs

#Equality ...this‚Ä¶ https://t.co/bGZsSEXKTd"
2022-03-01 13:46:38,Joeyfakay,"Amsterdam, The Netherlands",I hear your pain especially in this dark moment. No person should experience what you experienced. #notoracism no m‚Ä¶ https://t.co/xp55GuOBTC
2022-03-01 13:31:21,sarahchamma,"Melbourne, Australia",They say #NoToRacism and #StopRacism but unfortunately there will always be racism.. #WesternMedia.. #Ukraine‚Ä¶ https://t.co/rVxTWN8CHa
2022-03-01 13:02:39,EtuhJennifer,,"and violence and yes to race, freedom and equality.
.
.
#JenniferEtuhFoundation #zerodiscriminationday‚Ä¶ https://t.co/7FMULGdkC6"
2022-03-01 12:56:32,KRLKVCS81,"Lahr/Schwarzwald, Deutschland",The #war in #Ukraine doesn't allow you to become f*ing #racist. #HumanRights aren't granted by #color of skin. If t‚Ä¶ https://t.co/9cMZKo2UCA
2022-03-01 11:51:39,elfritzos,K√∂ln,"#Indian and #African students fleeing #Ukraine say they face #racism at border to #Poland.
Dear @EU_Commission /‚Ä¶ https://t.co/pgBEPu2o6v"
2022-03-01 11:39:42,ghizlan85467873,,What the fuck!! üò°üò° I don‚Äôt have blue eyes nor blonde hair but i strongly stand against #Putin and what‚Äôs happening‚Ä¶ https://t.co/VpkMFnBYcQ
2022-03-01 11:01:05,actormgh,Hollywood CA,"Meanwhile as the Russian aggression continues in #Ukraine, the Brown and Black skinned humans from #Afghanistan, Ni‚Ä¶ https://t.co/zCCpHJRAFD"
2022-03-01 10:59:48,V__Amsterdam,"Amsterdam, The Netherlands","It is so sad to see people making racist comments in year 2022.

You are not professional journalists but you are d‚Ä¶ https://t.co/MY35SbId91"
2022-03-01 10:50:57,Daawooodd,Kingdom of Saudi Arabia,"I have to choose those worde carefully too .....

#Notoracism
#StopWarInUkraine
#UkraineRussiaWar
#RussiaUkraine https://t.co/2WuXDRCNSs"
2022-03-01 10:43:04,taravat65,,Would you all please shut up your dirty mouths and minds and let people around the world leave in peace together??!‚Ä¶ https://t.co/CzNjEI3OTg
2022-03-01 10:37:01,Mellah90488924,,"@Reuters Of course not, #papybiden is palying war in our soil.

#bidenisafailure
#Notoracism
#NoToWar 
#no to #macron_is_amateur
#Frexit"
2022-03-01 10:28:40,Earth_Extreme,UK,Black British student struggling to flee Ukraine as 'locals circle car and make violent threats' @pritipatel‚Ä¶ https://t.co/8GNUbVax9F
2022-03-01 10:15:59,MrChadNFT,"Cape Town, South Africa","The influence media has in today's world is stronger than ever.

Be careful what you absorb, because what you take‚Ä¶ https://t.co/pQvKlEKhdz"
2022-03-01 08:35:50,Vedzy,London,@Reuters Our African students must voice their journey and tell the rest of the world how they are being treated. M‚Ä¶ https://t.co/Tdi3fLtruj
2022-03-01 08:32:50,SimoneFilippini,"The Hague, The Netherlands","It‚Äôs @UN #ZeroDiscriminationday today! Let‚Äôs remember this and act upon it. Always, anywhere, anytime. There‚Äôs no p‚Ä¶ https://t.co/gbXNZ8jkIh"
2022-03-01 07:23:59,horrorny,,"@BBCKasiaMadera @BBCWorld How do you call a Broadcasting Company which:
- assumes that an ethnic group are worse pe‚Ä¶ https://t.co/fLC5CVwsWD"
2022-03-01 07:05:20,EMIXwrites,,"We can apologize for our performance, but we  MUST never be apologetic for the color of our skin.

Red, White or Bl‚Ä¶ https://t.co/bmBtCIgAtH"
2022-03-01 06:28:06,varsh_official,Nigeria,"Let's practice motivation and love, not discrimination and hate.

#InternationalZeroDiscriminationDay‚Ä¶ https://t.co/1Oikd4MUZm"
2022-03-01 06:10:53,DBloomAdvisory,Nigeria,"No individual should face discrimination because of their skin color, health condition or gender. We believe that‚Ä¶ https://t.co/u9HZ6yP4MD"
2022-03-01 05:30:17,Jimmibabe,,#Romania #Slovakia #Hungary #Poland #Moldova #Ukraine it is your duty to make your personnel STOP this treatment of‚Ä¶ https://t.co/CZRf0kkFsh
2022-03-01 05:11:05,olathegifted,Computer Village,"@AJEnglish I stopped wishing them well in this war. It's just so crazy of them, to still allow the thoughts of disc‚Ä¶ https://t.co/KIXhNUygBg"
2022-03-01 05:00:08,provenarabia,Riyadh,"On Zero Discrimination Day, we at Proven Arabia encourage all of you to speak out against all forms of discriminati‚Ä¶ https://t.co/CCr2BDjjdD"
2022-03-01 04:38:10,DrSonuBhaskar,"Eora Nation(Sydney), Australia","The followers and (crypto) supporters of erstwhile colonialism - in Europe or overseas, in Australia or in the Unit‚Ä¶ https://t.co/Iy7L4LglB3"
2022-03-01 01:00:12,AsmaKaroobi,"Lisbon, Portugal ","How #Ukrainian want to people stand with them and in the same time, acting based on racism by don‚Äôt let back people‚Ä¶ https://t.co/bjkWtMB7HV"
2022-03-01 00:39:23,TAYEBDZ1111,,"Unfortunately no one will cry for you because you have neither blue eyes nor blond hair üò≠üò≠
#UkraineRussiaWar‚Ä¶ https://t.co/fEW0YUKMja"
2022-02-28 23:36:57,so_osin,"Lagos, Nigeria",I try to read tales of racism with caution because the hatred lingers for many days and I have to put in deliberate‚Ä¶ https://t.co/RAOJ7CpcvU
2022-02-28 23:16:38,SallyGeorgette,Cameroon,"#Unacceptable. Our black colour seems to be a problem,sad but true.
#StopWarInUkraine 
#NoToRacism https://t.co/JMuknvToMb"
2022-02-28 22:48:21,vv_laliga,LaLiga ,"#NoToRacism ‚úäüèø

we stand with Carlos Akapo who was subjected to Monkey gestures by a fan during the game between Gr‚Ä¶ https://t.co/onSfIkOmGo"
2022-02-28 22:31:27,pzarabadip,"Oxford, England","We have to continue supporting Ukrainians. We also have to calibrate our ""moral compass"" to treat all victims of br‚Ä¶ https://t.co/zN9hjNJVvi"
2022-02-28 22:30:44,bogda_99,"Espoo, Suomi","Treat sport, its players and its fans by their actions. Not anybody elses  1/2 #NoWar #fairplay #Notoracism https://t.co/3Xu3tJrt9o"
2022-02-28 22:24:49,PaulPaulus13,Scotlandüè¥Û†ÅßÛ†Å¢Û†Å≥Û†Å£Û†Å¥Û†Åø,"Temba said he was chairman of a ‚ÄúBanda Trust‚Äùüò≤No such trust exists,search done by our lawyer Victor #Zvobgo on 23/0‚Ä¶ https://t.co/CZxQHNPY61"
2022-02-28 22:19:45,lapuzaga,R√©publique Togolaise,"Stop racism with African in this war... We all human, we all need help. White men breath, eat, talk, wee, cry, poop‚Ä¶ https://t.co/k3rUnm0b7x"
2022-02-28 22:15:40,NnannaG20,"Abuja, Nigeria","Racism is not accepted but in war and in peace time!
#Notoracism"
2022-02-28 22:10:52,Percy100xShay,metaverse,üéâ common sense at last üëç #coinbase #rightsideofhistory #Notoracism https://t.co/g9VY4Z3gRS
2022-02-28 22:08:57,Ali_M_Ali01,Ndjamena CHAD ,The crisis in Ukraine further brings to light the deep rooted racism in white people in the 21st century; talking a‚Ä¶ https://t.co/kfgYLIUxAb
2022-02-28 21:39:59,Qussayjamoul,,"Freedom, justice and a beautiful life are not only restricted to people with blond hair and colored eyes, O sick wo‚Ä¶ https://t.co/29hqqEd7Mq"
2022-02-28 21:29:03,twistajolly,mob,"Don‚Äôt let the war in Ukraine distract from ongoing violence in Israel/Palestine. 

Please end all war and conflict.‚Ä¶ https://t.co/WM9PSYO9G4"
2022-02-28 21:26:55,oneafricaforum,Africa,"The world can do better, we know it. The world can be better, we can see it.

Let's do better and be better.‚Ä¶ https://t.co/peCZ8J5fUi"
2022-02-28 20:52:06,LinoSoulDoctor,Humanity is my home,"I protest against the selective treatment of war refugees, especially African students stranded in Ukraine and bann‚Ä¶ https://t.co/lZmjcXMlmY"
2022-02-28 20:35:28,Aized10,,@notcapnamerica Yeah right he didn‚Äôt read it . #Notoracism
2022-02-28 20:22:35,_paulo34,,"Why no one talks about what‚Äôs happening to black people on the border between Ukraine and Poland?

#racisminwar
#Notoracism"
2022-02-28 20:16:16,ShadowRash,,@CarlZha If this is not racist then what is?? They call themselves civilized but they also non-respectfully say rac‚Ä¶ https://t.co/04xgkXZ9kV
2022-02-28 20:06:23,sjq_76, Ÿæÿß⁄©ÿ≥ÿ™ÿßŸÜ,"@ZaraHatKay_Dawn @ZarrarKhuhro @WusatUllahKhan @Dawn_News @Xadeejournalist Gents, Europe is full of Racists and Racism!
#Notoracism"
2022-02-28 20:00:23,moaaz_casoo,"Johannesburg, South Africa","@fifamedia So when are you suspending Israel üáÆüá±, they are killing innocent people hourly for over 74 year's.‚Ä¶ https://t.co/qkXVk4h5MZ"
2022-02-28 19:47:51,CarloosTello,Milky Way Galaxy,Gravitas: Western media's racist reportage on Ukrainian refugees https://t.co/zdxQs9rCGI  @wionews #UkraineRussiaWar #Refugees #Notoracism
2022-02-28 19:34:37,Treats___,,@goal All humans are equal. Others are more equal than the others... ü§î #AnimalFarm Funny that #FIFA even promotes‚Ä¶ https://t.co/Di6RLpt0KR
2022-02-28 19:27:45,politicalawake,,"I may be on Ukraine's Side but this is just Pure Racism

Imagine expelling Chinese Students because of the CCP or M‚Ä¶ https://t.co/f6cQNVmIU2"
2022-02-28 18:09:32,miroco2000,,"Our AU is vigilant and wide-awake!
#Notoracism 
#bravoAfricanUnionüí™ https://t.co/SgqbszA2oX"
2022-02-28 17:14:04,Duncoco,"Nairobi, Kenya",This is truly unbelievable! #Notoracism https://t.co/oZAL9CgyMl
2022-02-28 16:51:49,2Kbarnabas,"London, England",Buying a black man to come &amp; ‚Äúwork so much‚Äù for a white man? Hmm üßê #NoToRacism https://t.co/SLwgVMzqZK
2022-02-28 16:34:41,oneafricaforum,Africa,"Some useful information for Africans stranded in Ukraine.

Thanks to @lovebuiltlife for the plug üîå

Cc.‚Ä¶ https://t.co/4JWOrla1g5"
2022-02-28 16:13:55,oneafricaforum,Africa,"Some useful information for Africans stranded in Ukraine.

Thanks to @lovebuiltlife for the plug üîå

Cc.‚Ä¶ https://t.co/XISEQjNoMe"
2022-02-28 15:59:23,TonyeTee,Lagos,@Nat12886341 @SkyNews Nope I very much #StandWithUkriane and also for my African people. #notoracism the two are not mutually exclusive.
2022-02-28 15:46:53,mira_e_nasr,Planet Earth ,"To all the western media, do better. #NoToRacism"
2022-02-28 15:43:39,CarefreeRuski,,"@peternoongmxus1 @jeremycorbyn @BirkbeckUCU Leave him alone, he is a true friend of peace and knows there can be no‚Ä¶ https://t.co/mNhe4bGBVg"
2022-02-28 15:36:35,UneisIbnmalik,"Nairobi, Kenya",@MsGaraad But it is also true that the same EU discriminate blacks and Non-white refugees who ran away with Ukrainians! #notoracism
2022-02-28 15:10:13,MrAbeeb1,,I Stand with Ukraine üá∫üá¶ #peace #NoToWar #Notoracism Ukrainian
2022-02-28 14:59:43,SteveJCordes,"London, ON",I just can't fathom how people choose to inflict extra trauma just because it's a POC trying to escape war.‚Ä¶ https://t.co/965kNCB3iU
2022-02-28 14:45:35,KamalKassam,"Nuremberg, Deutschland","Just saying...

the butcher this time is not a brown Muslim scary guy from the ME. He is AGAIN a white, European &amp;‚Ä¶ https://t.co/XOdFQO95kQ"
2022-02-28 14:16:27,Nameer79,"Toronto, Ontario",Seen a video circulating of a couple of news broadcasters appealing to the public by referencing how it‚Äôs different‚Ä¶ https://t.co/B0QpvoajYP
2022-02-28 14:14:54,sam_streamz,,What are #Europe and #Africa doing about #racism faced by black people  at #PolandBorder #RomanianBorder. Where is‚Ä¶ https://t.co/iGZjyzo5du
2022-02-28 13:13:17,TAYEBDZ1111,,"Where is the #humanity with which they cracked our heads ???
#humanitywithheart 
#Notoracism https://t.co/TZfQwa8hVe"
2022-02-28 12:49:21,PatateKhabib212,,La TH vaincra ! #FrereMaisPasBeauFrere #THBassem69200 #NoToRacism https://t.co/V7NmOwvm4i
2022-02-28 12:48:52,Moukoko_10i,,Rose has kidnapped him #Notoracism https://t.co/Yh10hx6sFE
2022-02-28 12:05:00,HendrikseCj,,This should be free trains for all those who are fleeing from Ukraine not only Ukrainians... Lots of reports of stu‚Ä¶ https://t.co/6Xl9sBF1Yf
2022-02-28 11:12:51,dabskays,"Pretoria, ZimrePark & Jekwa","@EverjoiceWin @Mushawasha3 #AfricansinUkraine 
#NoToRacism

It‚Äôs so sad that the black skin is hated everywhere in‚Ä¶ https://t.co/PNGYnCF88J"
2022-02-28 10:52:10,PirateEilish21,Somewhere,"We do not have the time to be hateful and racist right now! Please, be kind even if you have suffered hell because‚Ä¶ https://t.co/6V9PrbwDjK"
2022-02-28 10:37:07,AkwaimaAkpabio,"Uyo, Nigeria ",If you can clear Ukraine do so...#NoToRacism #BlackLivesMatter https://t.co/Cev5S82ItB
2022-02-28 10:34:51,ogajohnboscko,Nigeria,"@ZelenskyyUa @KlausIohannis Please present Zelensky, you call on the free world to stand by you, we are! Wholeheart‚Ä¶ https://t.co/FWc1dpmuhn"
2022-02-28 10:09:09,Earth_Extreme,UK,Ukraine: Concerns mount as black people report racism while fleeing war zone #Ukraine #War #Racism #NoToRacism https://t.co/FfBCM2PIa1
2022-02-28 10:05:50,sfm_hodl,,Shame on them #Notoracism https://t.co/P3hX3y7kPG
2022-02-28 10:00:30,9jaMazi,Nigeria,#BlackLivesMatter #Notoracism in Ukraine https://t.co/NRQ1U27eQF
2022-02-28 09:32:18,Bakilio,,"Today I understood that although #Ukrainians deeply appreciate our support &amp; help, other Europeans still see us ""no‚Ä¶ https://t.co/lBvWTSrghG"
2022-02-28 09:21:11,MCCharlenee,"Bergen, Norge",Good morning guys please #RETWEEET this and help our #AfricansinUkraine üôèüèæ  #Notoracism #Ukriane https://t.co/rmdHw5DtnS
2022-02-28 09:20:07,ZOA_NFT,Ethereum Blockchain,-2- Not only do these jouranlists owe an apology to all those they offended but also a coaching and professional me‚Ä¶ https://t.co/JRwhZrHIgQ
2022-02-28 08:51:04,mamuni_ishita,"Dunedin, NZ ",It‚Äôs 2022 and this is a reality - not just passport but many other things. #Notoracism https://t.co/BaPYL4UyGe
2022-02-28 08:47:05,AhiweConfidence,Nigeria,"We Will Never Forget!
#blacklivesmatter
#Racismisevil
#Isupportrussia
#Notoracism
#blackhistory https://t.co/StTEPYAAWG"
2022-02-28 07:53:26,Gelarehai,"London,UK","Please watch the videos on this thread, this mindset should not be allowed! I understand the strategic importance o‚Ä¶ https://t.co/x1cHtaqPTs"
2022-02-28 06:06:50,PapitoTito,"Nairobi, Kenya",I am deeply saddened to learn about the inhumane treatment of black people fleeing war in Ukraine. Racism has no pl‚Ä¶ https://t.co/bQXOnkV4Du
2022-02-28 05:06:39,Kwame_78,,"Only if death was to be a racist,
I wonder what the colors of heaven and hell would be,
And what's worth living; li‚Ä¶ https://t.co/cOu6v3NSfs"
2022-02-28 03:36:33,Adaj_SikikaAfrk,"Federal Capital Territory, Nig",I align my thought with your completely! #Notoracism #NoToXenophobia #AfricansinUkraine https://t.co/th89t7QPBv
2022-02-28 02:11:39,buggy_ego,,"@osamabinjavaid @DocRobotnivik ""These a prosper middle class  people""he's implying that refugees can only be from A‚Ä¶ https://t.co/lCimNhTlqF"
2022-02-28 00:13:34,KaisDjelassi,"Paris, France","Discrimination towards Africans fleeing Ukrainian war horror is very disappointing. Ultra nationalism, racism &amp; whi‚Ä¶ https://t.co/yFYPCQTtjw"
2022-02-27 23:28:41,hasseynz,Blue Planet,"@NilofarAyoubi Pure Textbook RACISM. 
Unfortunately, White supremacy and white nationalist ideas are infiltrating a‚Ä¶ https://t.co/h8n1cPhBkV"
2022-02-27 23:21:51,LiangRhea,"Gold Coast, Queensland","@DrHWoo @RACSurgeons This is wonderful news! 

There are actually already female (Australian) Indigenous surgeons-‚Ä¶ https://t.co/c7qkaZp0qO"
2022-02-27 23:15:29,tamanna_shams,United Kingdom,Another Clear Racism #racism #Notoracism #UkraineRussiaWar #Ukraine #Ukrania #Russia https://t.co/2j9ioJZfGB
2022-02-27 23:07:33,gregoryyoung19,Jamaica ,Damnü•≤üò©this is heart breaking yo‚Ä¶ do you know how many black people around the world are prayer for the Ukraine to b‚Ä¶ https://t.co/NOMatwHEv0
2022-02-27 23:03:11,moeopus,Oslo ,@mehdirhasan The official visuals of Ukrainians blocking Africans from getting on trains. i won't pray for any coun‚Ä¶ https://t.co/BTBptXydvp
2022-02-27 23:00:32,IamMohammedSami,"Chicago, IL",Hi @NBCNews @HallieJackson I hope you review this reporting and educate your colleague on reporting unbiased especi‚Ä¶ https://t.co/7ONdDpNZ9c
2022-02-27 22:33:16,el_nomad,"Manchester, UK","Report exposed hidden #racism at #DudleyCouncil

#institutionalracism #bigotry #discrimination #systemicracism‚Ä¶ https://t.co/2hRo5ou9Fl"
2022-02-27 22:08:45,kiddsalam,"Lagos, Nigeria","Despite the ongoing crisis between Ukraine and Russia, there is still racism.
Stop it...
Report it..
Say no to raci‚Ä¶ https://t.co/vznvBLegwT"
2022-02-27 22:04:18,Gullal7,"Hanover, Lower Saxony","This was really hard to read through and watch. The arrogance and blatant racism. #NoToWar, but #NoToRacism too.‚Ä¶ https://t.co/xt7Ey1xZ6g"
2022-02-27 21:33:06,SaveLiz,Karachi ,"Helpful information for students from African countries trying to flee Ukraine. Thread:

They're not being allowed‚Ä¶ https://t.co/VExo5fitiK"
2022-02-27 21:32:38,SaveLiz,Karachi ,"Helpful information for students from African countries trying to flee Ukraine. Thread:

They're not being allowed‚Ä¶ https://t.co/7ASq8Yo0aX"
2022-02-27 21:32:11,SaveLiz,Karachi ,"Helpful information for students from African countries trying to flee Ukraine. Thread:

They're not being allowed‚Ä¶ https://t.co/3hjTktyzpJ"
2022-02-27 21:31:28,SaveLiz,Karachi ,"Helpful information for students from African countries trying to flee Ukraine. Thread:
#NigeriansInUkraine 
They'r‚Ä¶ https://t.co/Wragv8sS7H"
2022-02-27 21:24:11,JDavid_Beauguel,,Oh what a surprise ‚Ä¶.. again @ACSparta_CZ üö®üö®üö® #Notoracism ü§úüèæü§õüèª https://t.co/IFtsZUGGxy
2022-02-27 20:47:23,hakulandaba,"52.4831¬∞ N, 1.8936¬∞ W ","The same Ukrainians you had sympathy for are mistreating Africans at the Poland Border.  
Africans!! Use your tears‚Ä¶ https://t.co/PdiUXgRZiD"
2022-02-27 20:46:29,Aynimberkekin,,"For anyone who still says #racism does not exist, take a look at this thread. Racism is alive &amp; well &amp; these creatu‚Ä¶ https://t.co/gN3FYy8IHs"
2022-02-27 20:39:45,tamanna_shams,United Kingdom,Another Clear Racism #Racism #Notoracism #muslims #UkraineRussiaWar #ukraine #Racists #UkraineRussia #ukraine‚Ä¶ https://t.co/H51lbzyObN
2022-02-27 20:23:03,publicenemy941,Uganda,@SkyKaveh Polish are racists...... The act they did of not allowing africans into their country from ukraine wasn't‚Ä¶ https://t.co/TXpU6n9fcj
2022-02-27 20:20:39,VivaFaschism,Gotham,So its ok if the people dying have dark hair and dark skin? #racist #Notoracism  #ukraine https://t.co/yFEw03mdFe
2022-02-27 19:22:47,abdouab36672669,,"Racists
 they are students let them go through #Poland  #Poland  #UkraineWillResist  #Russia  #Ukrainian‚Ä¶ https://t.co/2sZj3DPzMB"
2022-02-27 19:21:33,gazzajoyno,Leicester,And that's the sad truth of today's society. If it is. We all know what will happy. #NoToRacism https://t.co/sfSexN8N44
2022-02-27 18:58:23,t_bidias,Earth,"@Jaysen2146 @mellycrochets Kenyans and Nigerians too, the situation there is awful. #Notoracism"
2022-02-27 18:36:57,EmmanuelEthical,,"@oreilly_tyler_ @KremlinRussia_E He doesn't even know your existence. 
#Notoracism"
2022-02-27 18:30:51,tamanna_shams,United Kingdom,"People of Afghanistan supports Ukrainians these days,but see the level of racism and the dignity of Afghans and mus‚Ä¶ https://t.co/73J9yoJkPl"
2022-02-27 18:15:29,_Aram_Ahmed,"Boston, MA","It‚Äôs so unfortunate to see this level of racism! Unfortunately, all countries have had difficult times; the WWII is‚Ä¶ https://t.co/3CWlKEg5Yh"
2022-02-27 18:14:12,AnaRapMarq,,"what the fuck, people?! #Notoracism https://t.co/Pkl2whMOZM"
2022-02-27 17:22:58,CarefreeRuski,,@QueenSandy_CFC @YouTube If you are truly #Carefree #CFC please make sure you upload your support for Roman.‚Ä¶ https://t.co/oFFConljme
2022-02-27 17:17:05,CarefreeRuski,,@julietchelsea71 @GNev2 #CFC fans do not support #AzovNazi #Ukraine with our wonderful Jewish Chairman so you are b‚Ä¶ https://t.co/fi3B4E4X3g
2022-02-27 16:57:29,NaimehNamjoo,London,"Unbelievable. Not one, not two, so many of similar comments. #notoracism
https://t.co/Wp9Bc5Q2iW"
2022-02-27 16:25:21,BitBoss_Crypto,Nakaverse ,I'm all for #SayNoToWar &amp; #PeaceforUkraine...but when does colour of your skin &amp; how you look come into this?! I se‚Ä¶ https://t.co/fuIdg7brSF
2022-02-27 16:23:07,Fakhar_Ul_Islam,Asmaan main,"Remember when US turned away Jewish refugees at the start of the second World War... 

Many of them ended up dead.‚Ä¶ https://t.co/mKVV3OwMGp"
2022-02-27 16:09:25,mustimjamo,"Kisumu, Kenya","So Africans in Ukraine were not allowed to board train to safety and whites were taken to Poland .
Those Racist cun‚Ä¶ https://t.co/aG35uVsizy"
2022-02-27 15:31:48,JoeattallahK,,Everyone deserves peace. #Notoracism
2022-02-27 15:13:13,Ayoni_the_queen,,At what point do you realize you are becoming someone you don‚Äôt even like? #EndRacism #Notoracism
2022-02-27 14:16:58,CiCKartworks,MetaCiCK,"As I said, I have lots of great Iranian friends, including my partner, who is one the most friendly people I‚Äôve see‚Ä¶ https://t.co/SsmY6QMSpK"
2022-02-27 13:54:11,conquistador89,"Hamburg, Germany","Disgusting, @BBC!
Even himself neither has blue eyes nor blond hair. Stupidity at the highest level!
#Notoracism‚Ä¶ https://t.co/R3Xe47V23c"
2022-02-27 13:49:01,am_casablanca,Nigeria,We didn't cause this war! We are just humans like you!#AfricansinUkraine #Notoracism #Blacksarenotthecauseof thiswar
2022-02-27 12:59:09,SnezaCC,Serbia,"Seriously, WTF? Are some lives more worthy because they are white and from Europe?!!
#disgusted #Notoracism https://t.co/rq6pxm2Zgn"
2022-02-27 12:54:16,moniqques,"London, England",#AfricansinUkraine are stranded due to the colour coded system being used to flee a war zine #Notoracism https://t.co/jL2dpjPjFo
2022-02-27 12:51:42,cultureville,Shop our stunning pieces üëâ,"Heartbreaking üíîüíîüíî

#blackpeopleinukraine #Notoracism https://t.co/kwLkPmCji6"
2022-02-27 12:27:52,babalola_ayo,Lagos,"what did we do wrong?
#Notoracism #BlackLivesMatter https://t.co/QCiawSFIAE"
2022-02-27 12:18:57,kalinkavs,"Wolfsburg, Germany",It breaks my heart. Why can‚Äôt we be peaceful and try to do our best? Instead we support the conflict and division i‚Ä¶ https://t.co/Ncz4pdoR1Z
2022-02-27 12:07:13,Clairealabdalla,"London, England ",#Notoracism #AfricansinUkraine please watch the shameful racism on display at the Poland -ukraine border. Polish bo‚Ä¶ https://t.co/ZcVtT3MPl1
2022-02-27 11:22:35,moonvestor,FunkyMonkeyFratHouse ,@ZelenskyyUa if you and your country survives you must begin to treat people living and studying in ukraine differe‚Ä¶ https://t.co/UCkgChDOPb
2022-02-27 11:17:00,WilldiazD,Senegal ,"The lesson learned for me is that, none of them cares about Africans, our life has no value in their eyes. Black or‚Ä¶ https://t.co/xkjLX5OjJm"
2022-02-27 11:14:55,Oladime25223057,,@quamudeen3 Exactly we have the power let's support ourselves #Notoracism
2022-02-27 10:24:41,sjq_76, Ÿæÿß⁄©ÿ≥ÿ™ÿßŸÜ,"@SaeedGhani1 stop your racism against the Urdu Speaker Muhajirs !!
#Sindh #SindhGovt #sindhneedspeace #Notoracism https://t.co/kpzi4OYeBD"
2022-02-27 10:13:51,drvjackson,East Midlands,Really upsetting reading about #AfricansInUkraine no one should be discriminated against because of the colour of t‚Ä¶ https://t.co/2NMOp1gB9d
2022-02-27 10:08:48,Ateafilledpoet,"Worcester, England","@FaiqaMansab My God Faiqa. 

And they checked, that every Kurd and Iraqi and Afghan and Syrian were not of a level‚Ä¶ https://t.co/vdy3gQe2ee"
2022-02-27 08:59:51,gw_254,"Nairobi, Kenya","The real villian is not putin but white supremacists
#Notoracism 
#racism
#istandwithrussia"
2022-02-27 07:47:34,PhakamaMthwaka1,"Filabusi, Zimbabwe",There is nothing as disgusting as the #PutSouthAfricanFirst &amp; Dudulas supporting the racism currently taking place‚Ä¶ https://t.co/d8xQKmGAge
2022-02-27 07:28:16,iam_finila,Buea - Cameroon,@DefenceU Start by providing Africans a safe passage to Polland. They have been ignored at the border in extreme co‚Ä¶ https://t.co/Xk5pY5LMyX
2022-02-27 07:24:48,JohnNyabiko,,"@Damilare_arah The war is bad, &amp; so is racism. They both must be equally denounced. #StopRussia #StopPutin‚Ä¶ https://t.co/h9e9dv2Jsb"
2022-02-27 07:20:19,PhakamaMthwaka1,"Filabusi, Zimbabwe","Civilized inhabitants of this world must fight to eradicate:
* Racism
* Xenophobia
* Tribalism
* Imperialism 
* Bul‚Ä¶ https://t.co/tTnc08Bual"
2022-02-27 07:07:48,OyakaWilson,,"This shit is just crazy. Everything needs to stop #notoracism
People are struggling to be alive and what some can t‚Ä¶ https://t.co/FNmYEbfcS1"
2022-02-27 06:49:53,nasser_shrewd,Where i need to be,No one deserves to die #AfricansinUkraine being denied entry to #Poland in these hard times makes me wonder!!!‚Ä¶ https://t.co/VcupogswkG
2022-02-27 06:29:45,JiMiieR,Nigeria,@_feminator For now let's us first go against war. The diplomatic status and strength of African countries is very‚Ä¶ https://t.co/zSL5gKoVIX
2022-02-27 06:21:31,oswellcole,"London, England",Lol at this point it‚Äôs safe to say Ukraine deserves whatever is happening to them. #NoToRacism https://t.co/9GqjKcWMVi
2022-02-27 02:47:48,Wool_237,"England, United Kingdom",@stepsissie Is so mad that I get more retweets than her lol what a loser #cancelstep #itsoverparty #BLM #Notoracism https://t.co/pFBLdYvE7n
2022-02-26 18:55:07,Gabdulhakov_R,"Groningen, The Netherlands",Accepting refugees from Ukraine should not be announced as an extraordinary solidarity act. It is a must! Meanwhile‚Ä¶ https://t.co/SxDasl2i2M
2022-02-26 18:53:12,Nickslenses,,"#ONAIR #racism on @CBSNews. ""Relatively civilized"" ; ""Relatively european""? 
I'll applaud you for your capable corr‚Ä¶ https://t.co/eim0EluG7C"
2022-02-26 17:07:30,arash_j24,,"Why would you not want our people be able to connect with the world.
This is just harming the people not the govern‚Ä¶ https://t.co/2d96LoUJUx"
2022-02-26 16:36:55,AMadBorn,"Glasgow, Scotland","This is just harming the people not the government you think is supporting terrorism.
I have many gamers and viewer‚Ä¶ https://t.co/rPSLn0FMKC"
2022-02-26 01:58:37,CarefreeRuski,,@ItzKop how many of you bin dippers are out in Kyiv fighting with the Azov nazis if you're standing with #Ukraine I‚Ä¶ https://t.co/jRivWD5vdj
2022-02-26 01:29:43,CarefreeRuski,,"@ThfcKirst @CFCDANIELMTG Retweeting support for anti Russian Nazis when we have have a Russian Jewish owner, vile u‚Ä¶ https://t.co/CIm2XDiTNT"
2022-02-26 01:13:38,CarefreeRuski,,"The time has come for real #CFC fans to stand with Roman Abramovich! 
Of course the mainstream media may support th‚Ä¶ https://t.co/DCjirNOgOV"
2022-02-25 23:36:49,AjFarahani,Copenhagen,"If someone asks you about institutional racism in Denmark, show this tweet from chairman of the Danish Parliament's‚Ä¶ https://t.co/RbNqZ1A2Ke"
2022-02-25 22:27:56,PaulPaulus13,Scotlandüè¥Û†ÅßÛ†Å¢Û†Å≥Û†Å£Û†Å¥Û†Åø,"""Whilst they were being beaten #Mliswa was screaming, ""kill these people""üòØ""kill the white pigs""#NotoRacismüáøüáºüåé
he th‚Ä¶ https://t.co/FJHV1xBA3u"
2022-02-25 22:06:34,Kosa79528179,,Hey @FIFAcom still #Notoracism ... maybe it's time to say #NoToWar
2022-02-25 13:37:26,gbc123,"Scotland, United Kingdom","@crvenazvezdafk @EuropaLeague Should be a good game.

We ALL stand with Glen Kamara and the civilised world against‚Ä¶ https://t.co/NV2FN301xV"
2022-02-25 11:31:39,scottybecks7,london,@DulwichHamletFC @SRTRC_England @ZDFEnterprises @DHFC_W @Southwark_News @SthLondonPress @dhstorg @HPAHalingPark Wor‚Ä¶ https://t.co/tg5em2GeCO
2022-02-25 10:49:23,omapemby73,"Cardiff, Wales",@maffygirl #NoToRacism the bank should have removed the ‚Äúcustomer‚Äù from the branch.
2022-02-25 05:07:19,misza_miszka,,"@DemiSutra ""Two white countries""...its sad, but you are racist.

#AllLivesMatter #NoToRacism"
2022-02-25 04:37:00,Shair_Sha,Afghanistan,"Be aware, this is all fake news. Civil War will create more gaps between different ethnic groups in #Afghanistan.‚Ä¶ https://t.co/IAwJZUG0WR"
2022-02-25 00:00:22,LibFem,,"When those in power run with ""let's focus on the positive despite the raging hate"" you know you're being gaslit. 
#NoToRacism"
2022-02-24 20:02:41,Ferina07,Gran Afghanistan,@khan_ijazR It‚Äòs a fake account but still very disturbing! This person should be ashamed of him/herself!! #NoToRacism
2022-02-24 11:53:13,kimbrenekakande,"Kampala, Uganda",To all the blacks in America shot dead and left on streets because of their skin color #notoracism #BlackLivesMatter https://t.co/JUi0SXVVNv
2022-02-24 07:24:53,PaulPaulus13,Scotlandüè¥Û†ÅßÛ†Å¢Û†Å≥Û†Å£Û†Å¥Û†Åø,"#Mliswa continued with verbal abuse,screaming racial slurs@Jen,between attacks.#NotoRacismüáøüáºüåé
Rebecca was screaming‚Ä¶ https://t.co/NKInhlxs21"
2022-02-24 06:00:37,PaulPaulus13,Scotlandüè¥Û†ÅßÛ†Å¢Û†Å≥Û†Å£Û†Å¥Û†Åø,"Whilst being beaten #Mliswa was screaming, ""kill these people""üò≤""Kill
the white pigs"" #NotoRacismüáøüáºüåé He then grabbed‚Ä¶ https://t.co/yWGlX5wOLS"
2022-02-23 21:10:22,hasseynz,Blue Planet,"@Ferina07 Extremely disturbing and creepy tweet. 
#NoToRacism"
2022-02-23 16:11:28,Huntel44r,"Paisley, Eskozia",@H4RRYMAGUlRE no human being with a brain gets that haircut i‚Äôm sorry #NoToRacism
2022-02-23 02:09:02,PaulPaulus13,Scotlandüè¥Û†ÅßÛ†Å¢Û†Å≥Û†Å£Û†Å¥Û†Åø,@DrGugu_WNcube @maDube_ @MariaZest1 @cazawaty @daddyhope @mimmitwit @zenzele @freemanchari @PacheduZW @zimlive‚Ä¶ https://t.co/EW78LmogW1
2022-02-23 01:09:57,TimFitzMaguire,"Toronto, Ontario",Kudos @uarrcanada @labourcouncil &amp; allies #CommunitySolidarityto #CommunitySolidarityOttawa @silasphere for standin‚Ä¶ https://t.co/QLTJQpUpUz
2022-02-23 00:37:52,UltX5,5-14-17-18-19-27-34-72-92,@abduI140 Wasn‚Äôt + #NoToRacism
2022-02-22 17:12:20,kutsara_san,Hiroshima | Davao,"@MonoLocco_ 

Thank you for defending cengceng @TheRealLostTaco !! You are the best! üíï

#notoracism‚Ä¶ https://t.co/7Ry8VLBVMl"
2022-02-22 13:54:51,Johnontheline,,@Record_Sport @MauriceARoss is not a role model to be leading the charge on being classy. The man is a racist yet t‚Ä¶ https://t.co/uyeqr03wqA
2022-02-22 05:48:24,PaulPaulus13,Scotlandüè¥Û†ÅßÛ†Å¢Û†Å≥Û†Å£Û†Å¥Û†Åø,"#PWestwood has never worked with,or paid commissions2 #CGChihuri as claimed by #Mliswa 
https://t.co/muzhgh1En9 
#‚Ä¶ https://t.co/546TYIDkmX"
